자치구,방범용,교통단속용,어린이안전용,기타,총_CCTV,방범용_비율,교통단속용_비율,어린이안전용_비율,기타_비율,절도,강도,차량범죄,공공장소폭력,성범죄,총_범죄,절도_비율,강도_비율,차량범죄_비율,공공장소폭력_비율,성범죄_비율,인구수,면적_km2,인구밀도,인구당_총CCTV,인구당_방범용,인구당_교통단속용,인구당_어린이안전용,CCTV효과범죄_합계,인구당_CCTV효과범죄율,인구당_절도율,인구당_강도율,인구당_차량범죄율,CCTV밀도_등급,범죄율_등급
강남구,1360,444,299,103,2206,61.65,20.13,13.55,4.67,202,37,141,241,117,738,27.37,5.01,19.11,32.66,15.85,135795,23.68,5735,16.25,10.02,3.27,2.2,380,2.8,1.49,0.27,1.04,중상,하
강동구,1794,148,58,195,2195,81.73,6.74,2.64,8.88,535,16,160,281,92,1084,49.35,1.48,14.76,25.92,8.49,120860,33.56,3601,18.16,14.84,1.22,0.48,711,5.88,4.43,0.13,1.32,중상,상
강북구,1630,158,139,93,2020,80.69,7.82,6.88,4.6,370,26,237,349,40,1022,36.2,2.54,23.19,34.15,3.91,196820,15.99,12309,10.26,8.28,0.8,0.71,633,3.22,1.88,0.13,1.2,하,중하
강서구,1595,269,102,63,2029,78.61,13.26,5.03,3.1,206,48,248,383,144,1029,20.02,4.66,24.1,37.22,13.99,174886,25.43,6877,11.6,9.12,1.54,0.58,502,2.87,1.18,0.27,1.42,중하,중하
관악구,2138,287,179,144,2748,77.8,10.44,6.51,5.24,171,29,221,350,110,881,19.41,3.29,25.09,39.73,12.49,126265,27.77,4547,21.76,16.93,2.27,1.42,421,3.33,1.35,0.23,1.75,상,중하
광진구,2669,370,133,97,3269,81.65,11.32,4.07,2.97,120,31,57,294,37,539,22.26,5.75,10.58,54.55,6.86,157194,11.39,13801,20.8,16.98,2.35,0.85,208,1.32,0.76,0.2,0.36,상,하
구로구,966,289,141,64,1460,66.16,19.79,9.66,4.38,714,46,224,331,64,1379,51.78,3.34,16.24,24.0,4.64,164131,28.23,5814,8.9,5.89,1.76,0.86,984,6.0,4.35,0.28,1.36,하,상
금천구,1738,274,160,89,2261,76.87,12.12,7.08,3.94,221,32,84,269,64,670,32.99,4.78,12.54,40.15,9.55,180263,15.12,11922,12.54,9.64,1.52,0.89,337,1.87,1.23,0.18,0.47,중하,하
노원구,830,150,237,131,1348,61.57,11.13,17.58,9.72,566,20,255,375,62,1278,44.29,1.56,19.95,29.34,4.85,136023,11.95,11383,9.91,6.1,1.1,1.74,841,6.18,4.16,0.15,1.87,하,상
도봉구,1982,463,248,160,2853,69.47,16.23,8.69,5.61,314,19,130,292,34,789,39.8,2.41,16.48,37.01,4.31,161090,38.47,4187,17.71,12.3,2.87,1.54,463,2.87,1.95,0.12,0.81,중상,중하
동대문구,2635,154,221,102,3112,84.67,4.95,7.1,3.28,430,48,213,287,135,1113,38.63,4.31,19.14,25.79,12.13,187221,38.97,4804,16.62,14.07,0.82,1.18,691,3.69,2.3,0.26,1.14,중상,중상
동작구,630,343,57,73,1103,57.12,31.1,5.17,6.62,558,7,99,316,132,1112,50.18,0.63,8.9,28.42,11.87,184820,34.25,5396,5.97,3.41,1.86,0.31,664,3.59,3.02,0.04,0.54,하,중하
마포구,2185,419,224,173,3001,72.81,13.96,7.46,5.76,187,41,153,132,70,583,32.08,7.03,26.24,22.64,12.01,120769,19.14,6310,24.85,18.09,3.47,1.85,381,3.15,1.55,0.34,1.27,상,중하
서대문구,1269,230,84,90,1673,75.85,13.75,5.02,5.38,472,11,181,359,57,1080,43.7,1.02,16.76,33.24,5.28,179735,12.93,13901,9.31,7.06,1.28,0.47,664,3.69,2.63,0.06,1.01,하,중상
서초구,2891,406,255,64,3616,79.95,11.23,7.05,1.77,199,25,51,296,36,607,32.78,4.12,8.4,48.76,5.93,182955,30.53,5993,19.76,15.8,2.22,1.39,275,1.5,1.09,0.14,0.28,상,하
성동구,2015,234,130,94,2473,81.48,9.46,5.26,3.8,763,13,183,331,102,1392,54.81,0.93,13.15,23.78,7.33,184925,23.2,7971,13.37,10.9,1.27,0.7,959,5.19,4.13,0.07,0.99,중하,상
성북구,2933,120,213,114,3380,86.78,3.55,6.3,3.37,230,43,103,267,101,744,30.91,5.78,13.84,35.89,13.58,187969,13.66,13761,17.98,15.6,0.64,1.13,376,2.0,1.22,0.23,0.55,중상,하
송파구,1715,428,99,138,2380,72.06,17.98,4.16,5.8,761,22,155,120,41,1099,69.24,2.0,14.1,10.92,3.73,125311,24.86,5041,18.99,13.69,3.42,0.79,938,7.49,6.07,0.18,1.24,중상,상
양천구,1455,266,153,120,1994,72.97,13.34,7.67,6.02,408,8,53,236,63,768,53.12,1.04,6.9,30.73,8.2,173707,11.03,15749,11.48,8.38,1.53,0.88,469,2.7,2.35,0.05,0.31,중하,하
영등포구,2824,373,181,58,3436,82.19,10.86,5.27,1.69,443,29,103,94,62,731,60.6,3.97,14.09,12.86,8.48,148693,37.28,3989,23.11,18.99,2.51,1.22,575,3.87,2.98,0.2,0.69,상,중상
용산구,1684,487,51,137,2359,71.39,20.64,2.16,5.81,591,18,270,380,77,1336,44.24,1.35,20.21,28.44,5.76,191932,17.76,10807,12.29,8.77,2.54,0.27,879,4.58,3.08,0.09,1.41,중하,중상
은평구,959,188,183,178,1508,63.59,12.47,12.14,11.8,513,13,240,144,148,1058,48.49,1.23,22.68,13.61,13.99,145658,29.88,4875,10.35,6.58,1.29,1.26,766,5.26,3.52,0.09,1.65,중하,상
종로구,521,415,103,185,1224,42.57,33.91,8.42,15.11,485,30,195,88,52,850,57.06,3.53,22.94,10.35,6.12,138431,19.35,7154,8.84,3.76,3.0,0.74,710,5.13,3.5,0.22,1.41,하,중상
중구,2800,113,155,112,3180,88.05,3.55,4.87,3.52,291,6,267,208,91,863,33.72,0.7,30.94,24.1,10.54,122747,25.6,4795,25.91,22.81,0.92,1.26,564,4.59,2.37,0.05,2.18,상,중상
중랑구,1247,341,53,188,1829,68.18,18.64,2.9,10.28,376,24,93,215,117,825,45.58,2.91,11.27,26.06,14.18,179150,26.4,6786,10.21,6.96,1.9,0.3,493,2.75,2.1,0.13,0.52,하,하
